dans les pathologies rénales , les techniques d&apos; irm ont pris une place de plus en plus importante , notamment en	association	avec un agent de contraste permettant l&apos; évaluation des différents états de la perfusion rénale .
de plus , la formulation de l&apos; indication doit également refléter le contexte clinique dans lequel gadovist a présenté la même précision diagnostique que l&apos; agent de comparaison , à savoir la localisation correcte d&apos; au moins une lésion maligne du foie ou du rein d&apos; un	patient	en particulier , en utilisant les images obtenues par résonance magnétique pré-contraste et post-contraste associées . « imagerie par résonance magnétique ( irm ) avec injection d&apos; agent de contraste chez des patients présentant une forte suspicion ou des signes d&apos; atteinte focale hépatique ou rénale obtenus par d&apos; autres tests diagnostiques ou par histopathologie , visant à localiser correctement les lésions malignes du foie ou du rein . »
l&apos; examen irm avec rehaussement du contraste peut débuter immédiatement après l&apos; injection , dans un délai dépendant des séquences d&apos; irm utilisées et du protocole d&apos;	examen	.
anti-arythmiques de	classe	iii ( amiodarone , sotalol ) .
il faut jeter toute solution injectable qui n&apos; a pas été utilisée lors d&apos; un	examen	.
titulaire de l&apos; autorisation de mise sur le	marche	
nom et adresse du titulaire de l&apos; autorisation de mise sur le	marche	
- si vous ou un membre de votre	famille	avez des antécédents d&apos; anomalie de la conduction électrique du
votre médecin décidera si l&apos;	examen	peut être réalisé ou non .
comment	conserver	gadovist
toute solution restante non utilisée après un	examen	doit être jetée conformément aux réglementations nationales en vigueur .
faites	attention	avec gadovist
« la gemcitabine est indiquée dans le traitement du cancer de la vessie localement avancé ou métastatique en	association	avec du cisplatine . »
l&apos; indication pour les cancers du poumon non à petites cellules est basée sur les données résultant des essais de phase ii et de phase iii. elles indiquaient que la gemcitabine était active dans le traitement des cancers du poumon non à petites cellules ( cpnpc ) et qu&apos; en complément de l&apos; activité de la gemcitabine , seule une majorité des données corrobore l&apos; activité et la sécurité de son	association	avec le cisplatine dans le traitement du cpnpc , et ce indépendamment des différents programmes et doses .
« la gemcitabine , en	association	avec le cisplatine , est indiquée comme traitement de première intention des patients atteints d&apos; un cancer du poumon non à petites cellules localement avancé ou métastatique .
le chmp a par conséquent considéré que le plus grand bénéfice de la gemcitabine est réalisé lorsqu&apos; il est administré dans le cadre de première et de seconde intention en	association	avec des taxanes et a adopté la formulation suivante :
« la gemcitabine , en	association	avec le paclitaxel , est indiquée pour le traitement des patients présentant un cancer du sein localement récurrent ou métastatique non opérable , ayant rechuté suite à une chimiothérapie adjuvante/néoadjuvante .
le titulaire de l&apos; autorisation de mise sur le marché a justifié l&apos; usage de la gemcitabine pour le cancer des ovaires à l&apos; aide d&apos; un certain nombre de directives , considérant que sur la base des bénéfices significatifs démontrés de la gemcitabine en	association	avec la carboplatine , du profil acceptable de toxicité et de la tolérance du traitement , cette association présente un rapport risque/bénéfice positif dans le traitement des patientes atteintes d&apos; un cancer des ovaires récurrent .
le titulaire de l&apos; autorisation de mise sur le marché a justifié l&apos; usage de la gemcitabine pour le cancer des ovaires à l&apos; aide d&apos; un certain nombre de directives , considérant que sur la base des bénéfices significatifs démontrés de la gemcitabine en association avec la carboplatine , du profil acceptable de toxicité et de la tolérance du traitement , cette	association	présente un rapport risque/bénéfice positif dans le traitement des patientes atteintes d&apos; un cancer des ovaires récurrent .
le chmp a analysé les informations concernant l&apos; usage de la gemcitabine pour le cancer des ovaires et est d&apos; avis que l&apos;	association	gemcitabine/carboplatine est une option en thérapie de seconde ligne pour les patientes présentant une maladie sensible au platine et une alternative pour les patientes connaissant une précédente toxicité paclitaxel/carboplatine . le chmp a par conséquent retenu l&apos; indication sur le cancer des ovaires dans les rcp harmonisés , avec la formulation suivante :
12 « la gemcitabine est indiquée pour le traitement des carcinomes ovariens épithéliaux localement avancés ou métastatiques , en	association	avec la carboplatine , chez les patientes qui rechutent après 6 mois sans récurrence suite à une thérapie de première intention à base de platine . »
pour la section 4.3 , la proposition du titulaire de l&apos; autorisation de mise sur le marché n&apos; a retenu que deux des 8 contre-indications existantes ( concernant l&apos; hypersensibilité et l&apos; allaitement ) et en a supprimé 6 ( insuffisance hépatique ou rénale , cisplatine pour les patients ayant une insuffisance rénale sévère , grossesse et allaitement ,	association	avec la fièvre jaune , usage pour les enfants et administration concomitante de la gemcitabine et de la radiothérapie ) .
en général , le chmp a considéré que la formulation proposée était adéquate , mais a mis en place un certain nombre de révisions , dont des sections sur l&apos; insuffisance de la fonction de la moelle osseuse , en	association	avec la carboplatine et le cisplatine , les vaccins vivants atténués et les rapports de pharmacovigilance sur les accidents cardiovasculaires et la réactivation virale d&apos; hépatite .
la gemcitabine est indiquée dans le traitement du cancer de la vessie localement avancé ou métastatique , en	association	avec le cisplatine .
la gemcitabine , en	association	avec le cisplatine , est indiquée dans le traitement en première ligne des patients atteints de cancer bronchique non à petites cellules ( cbnpc ) localement avancé ou métastatique .
la gemcitabine est indiquée dans le traitement du carcinome épithélial de l&apos; ovaire localement avancé ou métastatique , en	association	avec le carboplatine , chez les patientes en rechute suite à un intervalle sans récidive d&apos; au moins 6 mois après un traitement en première ligne à base de sels de platine .
la gemcitabine , en	association	avec le paclitaxel , est indiquée dans le cancer du sein inopérable , localement récidivant ou métastatique , en rechute après une chimiothérapie adjuvante/néoadjuvante .
cancer de la vessie en	association	la dose recommandée de gemcitabine est de 1 000 mg/m² en perfusion intraveineuse de 30 minutes .
la dose devra être administrée les jours 1 , 8 et 15 pour un cycle de 28 jours en	association	avec le cisplatine .
en	association	la dose recommandée de gemcitabine est de 1 250 mg/m² de surface corporelle administrée en perfusion intraveineuse de 30 minutes , les jours 1 et 8 du cycle de traitement ( cycle de 21 jours ) .
cancer du sein en	association	pour l&apos; utilisation de gemcitabine en association avec le paclitaxel , il est recommandé d&apos; administrer le paclitaxel ( 175 mg/m² ) au jour 1 en perfusion intraveineuse d&apos; environ 3 heures suivie de l&apos; administration de gemcitabine ( 1250 mg/m² ) en perfusion intraveineuse de 30 minutes aux jours 1 et 8 de chaque cycle de 21 jours .
cancer du sein en association pour l&apos; utilisation de gemcitabine en	association	avec le paclitaxel , il est recommandé d&apos; administrer le paclitaxel ( 175 mg/m² ) au jour 1 en perfusion intraveineuse d&apos; environ 3 heures suivie de l&apos; administration de gemcitabine ( 1250 mg/m² ) en perfusion intraveineuse de 30 minutes aux jours 1 et 8 de chaque cycle de 21 jours .
cancer de l&apos; ovaire en	association	la dose recommandée de gemcitabine , en association avec le carboplatine , est de 1 000 mg/m² en perfusion intraveineuse de 30 minutes aux jours 1 et 8 de chaque cycle de 21 jours .
cancer de l&apos; ovaire en association la dose recommandée de gemcitabine , en	association	avec le carboplatine , est de 1 000 mg/m² en perfusion intraveineuse de 30 minutes aux jours 1 et 8 de chaque cycle de 21 jours .
pour l&apos; ajustement des doses du cisplatine , du carboplatine et du paclitaxel , en	association	, se reporter au résumé des caractéristiques du produit correspondant .
modification de doses de gemcitabine , administée en monothérapie ou en	association	avec le cisplatine au cours d&apos; un cycle dans le cancer de la vessie , dans le cbnpc et dans le cancer du pancréas
modification de doses de gemcitabine en	association	avec le paclitaxel au cours d&apos; un cycle dans le cancer du sein
20 modification de doses de gemcitabine en	association	avec le carboplatine au cours d&apos; un cycle dans le cancer de l&apos; ovaire
en	association	dans le cancer du sein la fréquence des toxicités hématologiques de grades 3 et 4 , notamment de la neutropénie , augmente lorsque la gemcitabine est administrée en association avec le paclitaxel .
en association dans le cancer du sein la fréquence des toxicités hématologiques de grades 3 et 4 , notamment de la neutropénie , augmente lorsque la gemcitabine est administrée en	association	avec le paclitaxel .
fatigue et neutropénie fébrile surviennent plus fréquemment lorsque la gemcitabine est administrée en	association	avec le paclitaxel .
*une neutropénie de grade 4 persistant plus de 7 jours a été rapportée chez 12,6 % des patients inclus dans le bras gemcitabine en	association	avec le paclitaxel et chez 5,0 % des patients inclus dans le bras recevant du paclitaxel .
en	association	dans le cancer de la vessie
en	association	dans le cancer de l&apos; ovaire
une neuropathie sensitive a été plus fréquemment rapportée dans le bras en	association	avec le carboplatine qu&apos; avec le carboplatine en monothérapie .
activité cytotoxique en culture	cellulaire	la gemcitabine montre des effets cytotoxiques significatifs sur diverses cellules murines et tumorales humaines en culture .
cependant , l&apos;	association	de gemcitabine et cisplatine avait un meilleur profil de toxicité que mvac .
dans une autre étude de phase iii randomisée concernant 135 patients atteints de cbnpc au stade iiib ou iv , une	association	de gemcitabine et de cisplatine a montré un taux de réponse supérieur statistiquement significatif à une association de cisplatine et d&apos; étoposide ( 40,6 % et 21,2 % , respectivement , p=0,025 ) .
dans une autre étude de phase iii randomisée concernant 135 patients atteints de cbnpc au stade iiib ou iv , une association de gemcitabine et de cisplatine a montré un taux de réponse supérieur statistiquement significatif à une	association	de cisplatine et d&apos; étoposide ( 40,6 % et 21,2 % , respectivement , p=0,025 ) .
cancer du sein dans une étude randomisée de phase iii concernant 529 patientes atteintes de cancer du sein inopérable , localement récidivant ou métastatique après chimiothérapie adjuvante/néoadjuvante , gemcitabine en	association	avec le paclitaxel a montré un allongement statistiquement significatif du temps jusqu&apos; à progression de la maladie de 3,98 à 6,14 mois ( log-rank p=0,0002 ) chez les patientes traitées par gemcitabine/paclitaxel en comparaison aux patientes traitées par paclitaxel .
	association	thérapeutique gemcitabine et carboplatine administrée en association au carboplatine , la pharmacocinétique de la gemcitabine n&apos; était pas modifiée .
association thérapeutique gemcitabine et carboplatine administrée en	association	au carboplatine , la pharmacocinétique de la gemcitabine n&apos; était pas modifiée .
avant première ouverture du flacon : à	conserver	en-dessous de 30°c .
comment	conserver	gemzar 6 .
gemzar peut être donné seul ou en	association	avec d&apos; autres médicaments anti-cancéreux en fonction du type de cancer .
faites	attention	avec gemzar :
effets indésirables rares crise cardiaque ( infarctus du myocarde )	pression	artérielle basse desquamation , ulcération de la peau ou formation de bulles sur la peau réactions au site d&apos; injection
comment	conserver	gemzar
a	conserver	en-dessous de 30°c .
glucophage peut être utilisé en monothérapie ou en	association	avec d&apos; autres antidiabétiques oraux ou avec l&apos; insuline .
en monothérapie ou en	association	avec d&apos; autres antidiabétiques oraux
en	association	avec l&apos; insuline la metformine et l&apos; insuline peuvent être associées afin d&apos; obtenir un meilleur contrôle glycémique .
mises en	garde	et précautions particulières d&apos; emploi
par contre , en	association	avec d&apos; autres antidiabétiques ( sulfamides hypoglycémiants , insuline , répaglinide ) , il convient d&apos; attirer l&apos; attention du patient sur les risques de survenue d&apos; hypoglycémie .
glucophage/ glucophage forte/ dianben/ risidon peut être utilisé en monothérapie ou en	association	avec d&apos; autres antidiabétiques oraux ou avec l&apos; insuline .
étant donné que ce programme américain n&apos; inclut pas le nouveau dispositif d&apos; insertion ( implanon nxt ) , il est également demandé au mah de surveiller de près l&apos; introduction et la performance du nouveau dispositif d&apos; insertion dans le	cadre	du plan de gestion de risque ( rmp ) .
	voie	orale
comprimé	rond	blanc à blanchâtre avec une odeur de cassis .
chez les insuffisants rénaux en	stade	terminal , des études en administration unique n&apos; ont pas révélé de modifications significatives des concentrations plasmatiques en lamotrigine .
des cas de diminution des taux de lamotrigine ont été rapportés dans la littérature lorsque la lamotrigine était donnée en	association	avec de l&apos; oxcarbazépine .
l&apos; efficacité de la lamotrigine en	association	avec des thymorégulateurs n&apos; a pas été suffisamment étudiée .
nom du titulaire de l&apos; autorisation de mise sur le	marche	
faites	attention	avec lamictal votre médecin doit être informé avant que vous ne preniez lamictal : si vous avez des problèmes de reins si vous avez déjà développé une éruption cutanée pendant que vous preniez de la lamotrigine ou tout autre médicament pour l&apos; épilepsie si vous prenez déjà un médicament contenant de la lamotrigine
ils incluent : le valproate , utilisé pour traiter l&apos; épilepsie et des troubles psychiatriques la carbamazépine , utilisée pour traiter l&apos; épilepsie et des troubles psychiatriques la phénytoïne , la primidone ou le phénobarbital , utilisés pour traiter l&apos; épilepsie l&apos; olanzapine , utilisé pour traiter des troubles psychiatriques la rispéridone , utilisée pour traiter des troubles psychiatriques la rifampicine , qui est un antibiotique une	association	de lopinavir et de ritonavir , utilisé pour traiter l&apos; infection par le virus de l&apos; immunodéficience humaine ( vih ) les contraceptifs hormonaux , comme la pilule ( voir ci-dessous ) .
lansopon ( lansoprazole ) est un inhibiteur de pompe à protons qui inhibe la sécrétion d&apos; acide gastrique et est utilisé pour le traitement des ulcères gastriques et duodénaux , du reflux œ sophagien , du syndrome de zollinger-ellison , et en	association	avec des régimes thérapeutiques antibactériens appropriés pour l&apos; éradication de helicobacter pylori et la prévention de la rechute des ulcères peptiques chez les patients souffrants d&apos; ulcères associés à h. pylori .
en cas de résistance à la clarithromycine , ou d&apos; échec du traitement , l&apos;	association	lansoprazole-amoxicilline-metronidazole peut être employée , et en cas d&apos; allergie à la bêtalactamine , l&apos; association lansoprazole-clarithromycine-metronidazole est conseillée .
mises en	garde	spéciales et précautions particulières d&apos; emploi
l&apos; administration de lansoprazole peut résulter en des concentrations de kétokonazole et d&apos; itraconazole inférieures au seuil thérapeutique de sorte que cette	association	devrait être évitée .
cette	association	médicamenteuse peut aussi bien résulter en une augmentation de la concentration de carbamazépine qu&apos; en une diminution de la concentration de lansoprazole .
ne pas	conserver	à une température supérieure à 25ºc .
	conserver	dans l&apos; emballage original à l&apos; abri de l&apos; humidité .
lansoprazol abz-pharma ( lansoprazole ) est un inhibiteur de la pompe à protons qui inhibe la sécrétion d&apos; acide gastrique et est utilisé pour le traitement des ulcères gastriques et duodénaux , de l&apos; œ sophagite par reflux , du reflux gastro-œ sophagien pathologique , pour le traitement et la prophylaxie des ulcères duodénaux et gastriques associés aux ains , du syndrome de zollinger - ellison , et en	association	avec des régimes thérapeutiques antibactériens appropriés pour l&apos; éradication d&apos; helicobacter pylori et la prévention des récidives des ulcères gastro-intestinaux chez les patients présentant des ulcères liés à une infection par h. pylori .
lansoprazol ct-arzneimittel ( lansoprazole ) est un inhibiteur de la pompe à protons qui inhibe la sécrétion d&apos; acide gastrique et est utilisé pour le traitement des ulcères gastriques et duodénaux , de l&apos; œ sophagite par reflux , du reflux gastro-œ sophagien pathologique , pour le traitement et la prophylaxie des ulcères duodénaux et gastriques associés aux ains , du syndrome de zollinger - ellison , et en	association	avec des régimes thérapeutiques antibactériens appropriés pour l&apos; éradication d&apos; helicobacter pylori et la prévention des récidives des ulcères gastro-intestinaux chez les patients présentant des ulcères liés à une infection par h. pylori .
lansoprazol hexal ( lansoprazole ) est un inhibiteur de pompe à protons qui inhibe la sécrétion d&apos; acide gastrique et est utilisé pour le traitement des ulcères gastriques et duodénaux , du reflux œ sophagien , de la maladie de reflux gastro-œ sophagien , le traitement et la prophylaxie des ulcères duodénaux et gastriques associés aux ains , du syndrome de zollinger-ellison , et en	association	avec des régimes thérapeutiques antibactériens appropriés pour l&apos; éradication de helicobacter pylori et la prévention de la rechute des ulcères peptiques chez les patients souffrants d&apos; ulcères associés à h. pylori .
si le lansoprazole est utilisé en	association	avec des antibiotiques dans le traitement d&apos; éradication de h. pylori , les consignes d&apos; utilisation de ces antibiotiques devraient également être suivies .
lansoprazol-ratiopharm ( lansoprazole ) est un inhibiteur de la pompe à protons qui inhibe la sécrétion d&apos; acide gastrique et est utilisé pour le traitement des ulcères gastriques et duodénaux , de l&apos; œ sophagite par reflux , du reflux gastro-œ sophagien pathologique , pour le traitement et la prophylaxie des ulcères duodénaux et gastriques associés aux ains , du syndrome de zollinger-ellison , et en	association	avec des régimes thérapeutiques antibactériens appropriés pour l&apos; éradication d&apos; helicobacter pylori et la prévention des récidives des ulcères gastro-intestinaux chez les patients présentant des ulcères liés à une infection par h. pylori .
en cas de résistance à la clarithromycine , ou d&apos; échec du traitement , l&apos;	association	lansoprazole-amoxicilline-métronidazole peut être employée , et en cas d&apos; allergie à la bêtalactamine , l&apos; association lansoprazole-clarithromycine-métronidazole est conseillée .
si le lansoprazole est utilisé en	association	avec des antibiotiques dans le traitement d &apos;&apos; éradication d&apos; helicobacter pylori , les modalités d&apos; emploi de ces antibiotiques devront être suivies .
une telle	association	médicamenteuse peut en effet entraîner une augmentation des concentrations de carbamazépine ainsi qu&apos; une réduction des concentrations de lansoprazole .
ne pas	conserver	à une température supérieure à 30ºc .
	conserver	dans l&apos; emballage d&apos; origine pour protéger de l&apos; humidité .
mise en garde speciale indiquant que le medicament doit etre conserve hors de portee de	vue	des enfants
l&apos; utilisation de folinate de calcium en relation avec un traitement par le méthotrexate et en	association	avec le 5-fu ( notamment chez les patients atteints d&apos; un cancer colorectal ) est considérée comme bien établie même si la posologie peut varier , en particulier dans le dernier cas .
&#91; en	association	avec le 5-fluorouracile en thérapie cytotoxique . &#93;
&#91; en	association	avec le 5-fluorouracile en thérapie cytotoxique :
&#91; lorsqu&apos; un surdosage de l&apos;	association	5-fluorouracile / folinate de calcium se produit , les instructions en cas de surdosage en 5-fluorouracile doivent être suivies . &#93;
a	conserver	entre + 2°c et + 8°c ( au réfrigérateur ) .
par	voie	orale
comprimé	rond	, plat , à bords chanfreinés , de couleur blanche ou blanc cassé , comportant une barre de cassure sur une face et l&apos; inscription &quot; a+l &quot; en relief sur l&apos; autre face .
afin de déterminer la dose d&apos; entretien optimale chez les patients âgés , la recherche de la posologie devra être effectuée chez chaque patient individuellement à l&apos; aide de l&apos;	association	libre lisinopril et amlodipine .
lisonorm doit être utilisé avec une extrême précaution chez les patients atteints de maladies du collagène vasculaire , chez les patients sous immunosuppresseur , chez les patients traités par allopurinol ou procaïnamide , ou chez les patients présentant une	association	de ces facteurs de risque , tout particulièrement en cas d&apos; insuffisance rénale préexistante .
si un médicament affectant les taux de potassium doit être prescrit en	association	au lisinopril , le contrôle du potassium sérique est conseillé .
	classe	de
	réaction	
le traitement symptomatique &#91; positionnement du patient en décubitus dorsal ,	surveillance	( et , si nécessaire , assistance ) de la fonction cardiaque , de la pression sanguine et de l&apos; équilibre hydro-électrolytique &#93; est recommandé .
a	conserver	dans l&apos; emballage d&apos; origine à l&apos; abri de la lumière et de l&apos; humidité .
comment	conserver	lisonorm
a	conserver	à une température ne dépassant pas 25°c .
lopid est indiqué en complément du	régime	et d&apos; autres mesures non pharmacologiques ( par exemple exercice , perte de poids ) dans les cas suivants :
avant de débuter le traitement par gemfibrozil , d&apos; autres problèmes médicaux , tels que l&apos; hypothyroïdie et le diabète sucré , doivent être contrôlés le plus efficacement possible et les patients doivent être soumis à un	régime	hypolipidémiant standard , qui doit être poursuivi pendant la durée du traitement .
avant l&apos; instauration d&apos; un traitement par gemfibrozil , les autres états pathologiques , comme par exemple l&apos; hypothyroïdie et le diabète , doivent être équilibrés le mieux possible et les patients doivent être placés sous un	régime	hypolipémiant standard , qui doit être poursuivi pendant le traitement .
traitement concomitant par des inhibiteurs de la hmg-coa réductase le risque d&apos; atteinte musculaire peut être majoré en cas d&apos;	association	avec un inhibiteur de l&apos; hmg-coa réductase .
une analyse de population des concentrations plasmatiques de bexarotène chez des patients présentant un lymphome cutané à cellules t a montré que l&apos; administration concomitante de gemfibrozil provoquait une élévation substantielle des	taux	plasmatiques de bexarotène .
	voie	
par	mesure	de précaution , le cpmp a recommandé que l&apos; avertissement approprié concernant la grossesse et la lactation dans le rcp soit modifié , de manière à indiquer que l&apos; utilisation de la loratadine pendant la grossesse n&apos; est pas recommandée .
le patient doit resté sous	surveillance	médicale après le traitement d&apos; urgence .
l&apos;	association	de la loratadine et de la pseudoéphédrine a été plus efficace que la loratadine seule pour l&apos; atténuation de la congestion nasale et que la pseudoéphédrine seule pour la réduction des scores totaux de symptômes , et significativement plus efficace que le placebo pour la réduction des scores de symptômes de la ras .
sur la base des données disponibles , le cpmp a conclu que l&apos;	association	loratadine/ pseudoéphédrine est efficace pour le traitement symptomatique de la rhinite allergique saisonnière , lorsque celle - ci s&apos; accompagne d&apos; une congestion nasale .
s&apos; agissant des médicaments contenant l&apos;	association	loratadine/ pseudoéphédrine , le profil des effets indésirables est comparable à celui de la loratadine considérée seule , à l&apos; exception d&apos; effets indésirables tels que l&apos; insomnie , la sécheresse de la bouche , les étourdissements et la nervosité , qui sont généralement ou très généralement signalés et sont vraisemblablement imputables à la pseudoéphédrine .
le profil bénéfice/ risque du traitement systémique avec l&apos;	association	loratadine/ pseudoéphédrine par rapport à celui avec la loratadine et une application topique de la pseudoéphédrine a été examiné .
le cpmp a fait part de ses inquiétudes s&apos; agissant de l&apos; utilisation sans danger et adaptée de l&apos;	association	loratadine/ pseudoéphédrine à la lumière de l&apos; effet pharmacodynamique connu de la pseudoéphédrine sur le cœ ur , et de la dépendance et de l&apos; accoutumance à la pseudoéphédrine .
par	mesure	de précaution , le cpmp a recommandé que le rcp des médicaments contenant de la loratadine soit modifié afin d&apos; y faire mentionner que l&apos; utilisation de la loratadine au cours de la grossesse n&apos; est pas recommandée ; en outre , le comité a conclu que l&apos; utilisation de l&apos; association loratadine/ pseudoéphédrine est contre-indiquée pendant la grossesse , la pseudoéphédrine réduisant le flux sanguin utérin chez la mère ;
par mesure de précaution , le cpmp a recommandé que le rcp des médicaments contenant de la loratadine soit modifié afin d&apos; y faire mentionner que l&apos; utilisation de la loratadine au cours de la grossesse n&apos; est pas recommandée ; en outre , le comité a conclu que l&apos; utilisation de l&apos;	association	loratadine/ pseudoéphédrine est contre-indiquée pendant la grossesse , la pseudoéphédrine réduisant le flux sanguin utérin chez la mère ;
- le comité a ainsi considéré que le rapport bénéfice/ risque des médicaments contenant l&apos;	association	
accroître le risque d&apos; accident vasculaire cérébral hémorragique , en raison de l&apos; activité alpha - mimétique du vasoconstricteur , en	association	avec des vasoconstricteurs tels que la bromocriptine , le pergolide , le lisuride , la cabergoline , l&apos; ergotamine , la dihydroergotamine et tout autre décongestionnant utilisé comme décongestionnant nasal , par voie orale ou nasale ( phénylpropanolamine , phényléphrine , éphédrine .. ) .
l&apos; innocuité et l&apos; efficacité de l&apos;	association	dans cette population n&apos; ont pas été établies et les données sont insuffisantes pour pouvoir recommander une dose adaptée .
insuffisance rénale et hépatique : l&apos; innocuité et l&apos; efficacité de l&apos;	association	n&apos; ont pas été établies chez les patients présentant une insuffisance rénale ou hépatique , et les données sont insuffisantes pour pouvoir recommander une dose adaptée .
bromocriptine , cabergoline , lisuride , pergolide : risque de vasoconstriction et d&apos; élévation de la	pression	artérielle .
dihydroergotamine , ergotamine , méthylergométrine ( vasoconstricteurs dopaminergiques ) : risque de vasoconstriction et d&apos; élévation de la	pression	artérielle .
linézolide : risque de vasoconstriction et d&apos; élévation de la	pression	artérielle .
en cas d&apos; hyperthermie , surtout chez l&apos; enfant , utiliser un linge mouillé tiède ou une	couverture	hypothermique .
l&apos; administration orale de pseudoéphédrine à la dose recommandée peut entraîner d&apos; autres effets sympathomimétiques , comme une augmentation de la	pression	artérielle , une tachycardie ou des manifestations d&apos; excitation du système nerveux central .
toxicité de l&apos;	association	: lors des études en doses aiguës et multiples , l&apos; association loratadine/ sulfate de pseudoéphédrine a présenté une faible toxicité .
toxicité de l&apos; association : lors des études en doses aiguës et multiples , l&apos;	association	loratadine/ sulfate de pseudoéphédrine a présenté une faible toxicité .
l&apos;	association	n&apos; a pas été plus toxique que chacun de ses composants pris individuellement , et les effets observés étaient généralement liés à la pseudoéphédrine .
l&apos;	association	de la loratadine à la pseudoéphédrine a été autorisée au niveau national et par procédure de reconnaissance mutuelle en autriche , en belgique , en espagne , en finlande , en france , en grèce , en italie , au luxembourg et au portugal .
a la suite d&apos; une demande de la commission européenne , le	cadre	de l&apos; examen en cours de cette classe a été élargi en y ajoutant , outre les aspects concernant la sécurité cardiovasculaire , l&apos; évaluation des réactions cutanées graves .
la prescription des ains en	association	avec des inhibiteurs de l&apos; enzyme de conversion ou des antagonistes des récepteurs de l&apos; angiotensineii .
a	conserver	au réfrigérateur ( entre 2°c et 8°c ) ne pas congeler .
a	conserver	dans l&apos; emballage extérieur d&apos; origine à l&apos; abri de la lumière .
a	conserver	au réfrigérateur ne pas congeler a conserver dans l&apos; emballage extérieur d&apos; origine à l&apos; abri de la lumière
a conserver au réfrigérateur ne pas congeler a	conserver	dans l&apos; emballage extérieur d&apos; origine à l&apos; abri de la lumière
faites	attention	avec menitorix :
les autres symptômes possibles d&apos; une réaction allergique grave comportent une chute de la	pression	artérielle et une perte de connaissance .
si votre enfant présente une douleur au cou , une raideur de la nuque ou une sensibilité à la	lumière	( photophobie ) , une somnolence ou une confusion , ou bien des taches rouges ou violacées semblables à des bleus qui ne s&apos; atténuent pas sous la pression , contactez immédiatement votre médecin ou les urgences de l&apos; hôpital pour exclure d&apos; autres causes .
comment	conserver	menitorix
a	conserver	au réfrigérateur ( entre 2°c et 8°c ) .
le comité des médicaments à usage humain ( chmp ) a examiné toutes les informations mises à disposition par les titulaires d&apos; autorisations de mise sur le marché concernant le	rapport	bénéfice/ risque de la moxifloxacine par voie orale dans les indications mentionnées ci-dessus .
par ailleurs , la gabapentine peut être utilisée en	association	avec d&apos; autres médicaments antiépileptiques sans crainte d&apos; une éventuelle modification des concentrations plasmatiques de gabapentine ou des concentrations sériques des autres médicaments antiépileptiques .
faites	attention	avec &#91; neurontin et noms associés &#93; - si vous souffrez de problèmes rénaux - si vous développez des signes tels que des maux d&apos; estomac persistants , des nausées ( mal au cœ ur ) , des vomissements contactez votre médecin immédiatement .
nifedipine pharmamatch retard sera administré avec prudence chez les patients souffrant d&apos; hypotension , en raison du risque de réduction de la	pression	artérielle .
chez les patients sous dialyse souffrant d&apos; hypertension maligne et d&apos; hypovolémie , une réduction importante de la	pression	artérielle peut survenir .
en cas d&apos; utilisation concomitante , la	pression	artérielle doit être surveillée et , si nécessaire , une réduction de la dose de nifédipine envisagée .
si la quinidine est ajoutée à un traitement existant par nifédipine , la	pression	artérielle doit être attentivement surveillée .
en cas d&apos; utilisation concomitante des deux médicaments , la	pression	artérielle doit être surveillée et , si nécessaire , une réduction de la dose de nifédipine envisagée .
la	pression	artérielle , l&apos; ecg , la pression artérielle centrale , la pression capillaire pulmonaire , l&apos; urée et les électrolytes doivent être surveillés .
si l&apos; augmentation de la	pression	artérielle est insuffisante avec le calcium et l&apos; isoprénaline , des sympathomimétiques vasoconstricteurs tels que la dopamine ou la noradrénaline doivent être administrés .
nifedipine pharmamatch retard sera administré avec prudence ches les patients souffrant d&apos; hypotension , en raison du risque de réduction de la	pression	artérielle .
	conserver	le produit dans son emballage d&apos; origine .
de ce fait , le débit sanguin dans le cœ ur et les membres est amélioré , d&apos; où une diminution de la	pression	artérielle et une prévention de la douleur thoracique ( angine de poitrine ) .
nifedipine pharmamatch retard peut être utilisé seul ou en	association	avec un médicament d&apos; une autre classe médicamenteuse appelée - bloquants .
- si votre	pression	artérielle est basse ( hypotension ) .
où ces médicaments peuvent accroître l&apos; effet de nifedipine pharmamatch retard sur la	pression	artérielle .
- si votre	pression	artérielle continue à augmenter malgré le traitement ( hypertension maligne ) .
les patients sous dialyse et présentant une	pression	artérielle très élevée et une faible volémie peuvent être victimes d&apos; une chute de pression artérielle soudaine s&apos; ils prennent nifedipine pharmamatch retard .
les patients sous dialyse et présentant une pression artérielle très élevée et une faible volémie peuvent être victimes d&apos; une chute de	pression	artérielle soudaine s&apos; ils prennent nifedipine pharmamatch retard .
si vous prenez une dose trop élevée de nifédipine , vous pouvez être victime d&apos; une chute de la	pression	artérielle ( hypotension ) , qui se caractérise par des symptômes tels que des étourdissements , nausées , vomissements , somnolence , confusion , léthargie , bouffées congestives , manque d&apos; oxygène ( hypoxie ) , céphalées ou rougeurs du visage .
-	pression	artérielle basse ( hypotension )
- baisse soudaine de la	pression	artérielle survenant en position debout ( hypotension orthostatique ) .
- augmentation de la	pression	artérielle dans la veine portale chez les patients atteints de cirrhose
comment	conserver	nifedipine pharmamatch retard
	conserver	les comprimés nifedipine pharmamatch retard dans leur emballage d&apos; origine .
si cette	association	ne peut être évitée , l&apos; activité anticoagulante devra être étroitement surveillée .
cependant , les études soumises concernant l&apos; absence de risque pour la sélection relative à la résistance antibiotique dans le microbiote normal n&apos; ont pas été jugées entièrement probantes en	raison	des limites des méthodes utilisées .
asat augmentée	pression	artérielle augmentée ldh sanguins augmentés glycémie augmentée
à	conserver	dans l&apos; emballage extérieur d&apos; origine à l&apos; abri de la lumière .
faites	attention	avec oracea informez votre médecin
comment	conserver	oracea
en se fondant sur les données ci-dessus relatives aux réactions de sevrage et au comportement suicidaire , le royaume-uni a considéré qu&apos; il était de l&apos; intérêt de la communauté de procéder à la réévaluation du	rapport	bénéfice/ risque de la paroxétine et a demandé l&apos; avis du chmp sur l&apos; opportunité d&apos; un maintien , d&apos; une modification ou d&apos; un retrait des autorisations de mise sur le marché pour les médicaments contenant de la paroxétine .
la paroxétine est contre-indiquée en	association	aux inhibiteurs de la monoamine oxidase ( imao ) .
il n&apos; est pas recommandé d&apos; utiliser la paroxétine en	association	avec le métoprolol lorsqu&apos; il est administré dans l&apos; insuffisance cardiaque , en raison d&apos; un index thérapeutique étroit du métoprolol dans cette indication .
les effets indésirables sont listés ci-dessous par système	organe	et fréquence .
troubles vasculaires peu fréquents : élévations ou diminutions transitoires de la	pression	artérielle .
des cas d&apos; élévations ou de diminutions transitoires de la	pression	artérielle ont été rapportés à la suite d&apos; un traitement par la paroxétine , habituellement chez des patients ayant une hypertension artérielle ou une anxiété pré-existantes .
la formulation choisie en	association	avec ce procédé de fabrication n&apos; est ni optimale , ni très évoluée et aurait pu être améliorée afin d&apos; éviter la présence des deux impuretés prévisibles .
transdermique	voie	orale
qu&apos; est-ce que le piroxicam &#91; nom de fantaisie &#93; et dans quel cas est -il utilisé avant de vous prescrire du piroxicam , votre médecin doit évaluer les bénéfices que ce médicament est susceptible de vous apporter par	rapport	au risque encouru de développer des effets indésirables .
enfin , seuls certains états membres ont approuvé une indication dans le « traitement d&apos; hyperlipidémie à la suite d&apos; une transplantation d&apos;	organe	» .
hypercholestérolémie traitement des hypercholestérolémies primaires ou des dyslipidémies mixtes , en complément d&apos; un	régime	, quand la réponse au régime et aux autres traitements non pharmacologiques ( par ex. , exercice , perte de poids ) est insuffisante .
hypercholestérolémie traitement des hypercholestérolémies primaires ou des dyslipidémies mixtes , en complément d&apos; un régime , quand la réponse au	régime	et aux autres traitements non pharmacologiques ( par ex. , exercice , perte de poids ) est insuffisante .
prévention primaire réduction de la mortalité et de la morbidité cardiovasculaire chez les patients présentant une hypercholestérolémie modérée ou sévère et exposés à un risque élevé d&apos; événement cardiovasculaire inaugural , en complément d&apos; un	régime	( cf. rubrique 5.1 ) . prévention secondaire
a mettre en	place	au niveau national &#93;
a mettre en	place	à l&apos; échelle nationale &#93; pour les excipients , cf. rubrique 6.1 .
prévention primaire réduction de la mortalité et de la morbidité cardiovasculaire chez les patients présentant une hypercholestérolémie modérée ou sévère et exposés à un risque élevé de premier événement cardiovasculaire , en complément d&apos; un	régime	( cf. rubrique 5.1 ) .
comme pour les autres inhibiteurs de la hmg-coa réductase , l&apos;	association	de la pravastatine et des fibrates n&apos; est pas recommandée .
une augmentation de l&apos; incidence des atteintes musculaires a également été décrite chez les patients recevant d&apos; autres statines en	association	avec des inhibiteurs du cytochrome p450 .
si cette	association	est jugée nécessaire , une surveillance étroite de l&apos; état clinique et des cpk des patients sous un tel traitement est nécessaire .
une surveillance clinique et biochimique des patients recevant cette	association	est recommandée ( cf. rubrique 4.2 ) .
155-232 mg/dl &#91; 4.0-6.0 mmol/l &#93; ) et sans antécédent d&apos; infarctus du myocarde , traités pendant une durée moyenne de 4,8 ans soit par la pravastatine 40 mg/j soit par placebo , en complément d&apos; un	régime	.
en l&apos; absence de données chez les patients ayant une hypercholestérolémie associée à un taux de triglycérides supérieur à 6 mmol/l ( 5,3 g/l ) après 8 semaines de	régime	, dans cette étude , le bénéfice du traitement par pravastatine n&apos; est pas établi chez ce type de patient .
&#91; a mettre en	place	au niveau national &#93;
toutes les présentations peuvent ne pas être commercialisées . &#91; a mettre en	place	au niveau national &#93;
recommandations sur les concentrations résiduelles cibles sur sang total la posologie doit être basée essentiellement sur l&apos; évaluation clinique des signes de rejet et de la tolérance pour chaque	patient	.
pendant la période post-transplantation immédiate , la surveillance des paramètres suivants doit être effectuée en routine :	pression	artérielle , ecg , bilan neurologique et visuel , glycémie à jeun , électrolytes ( en particulier le potassium ) , fonctions hépatique et rénale , paramètres hématologiques , hémostase et dosage des protéines plasmatiques .
numero(s) d&apos; autorisation de mise sur le	marche	&#91; a compléter au niveau national &#93;
un antidépresseur ne doit être proposé à un enfant ou à un adolescent présentant une dépression modérée à sévère qu&apos; en	association	avec une psychothérapie ,
le traitement antidépresseur ne devrait être proposé pour un enfant ou un adolescent souffrant de dépression modérée à sévère qu&apos; en	association	à une prise en charge psychothérapeutique concomitante .
par conséquent , la fluoxétine est contre-indiquée en	association	avec un imao non sélectif .
l&apos;	association	de la fluoxétine à un imao réversible n&apos; est pas recommandée .
une surveillance médicale plus étroite et plus fréquente s&apos; impose en cas d&apos;	association	de la fluoxétine avec le lithium .
la prise en	charge	du surdosage doit tenir compte de la possibilité d&apos; une poly-intoxication médicamenteuse .
( nom de fantaisie)® appartient à la	famille	de médicaments appelés antidépresseurs inhibiteurs de la recapture de la sérotonine .
ce traitement antidépresseur ne devrait être proposé aux enfants et adolescents qu&apos; en	association	avec une prise en charge psychothérapeutique .
faites	attention	avec ( nom de fantaisie)® et prévenez votre médecin ou votre pharmacien dans les situations suivantes :
- le lithium , le tryptophane : lorsqu&apos; ils sont co-administrés avec ( nom de fantaisie)® , il existe un risque augmenté de syndrome sérotoninergique . lorsque ( nom de fantaisie)® est utilisé en	association	avec le lithium , votre médecin devra effectuer des bilans plus fréquemment .
mode d&apos;	administration	
faites	attention	avec ( nom de fantaisie)®et prévenez votre médecin ou votre pharmacien dans les situations suivantes :
une médication à base d&apos; antidépresseurs ne doit être proposée à un enfant ou à une personne jeune présentant une dépression modérée grave qu&apos; en	association	avec une psychothérapie parallèle .
la naloxone et les autres antagonistes morphiniques doivent être utilisés avec prudence dans le traitement du surdosage chez les patients sous morphiniques en	raison	du risque de déclenchement d&apos; un syndrome de sevrage aigu .
les effets secondaires du fentanyl sur le système nerveux central ( snc ) et les fonctions respiratoire et gastro-intestinale sont ceux des analgésiques morphiniques et sont considérés comme des effets de	classe	.
à	conserver	dans la plaquette thermoformée d&apos; origine à l&apos; abri de l&apos; humidité .
comment	conserver	rapinyl ?
a	conserver	dans la plaquette thermoformée d&apos; origine à l&apos; abri de l&apos; humidité .
	voie	d&apos; administration
	voie	orale voie orale
voie orale	voie	orale
a	conserver	dans l&apos; emballage extérieur d&apos; origine à l&apos; abri de la lumière et de l&apos; humidité .
a	conserver	dans l&apos; emballage extérieur d&apos; origine à l&apos; abri de la lumière et de l&apos; humidité
faites	attention	avec remeron
faites également particulièrement	attention	avec remeron si avez actuellement ou si vous avez déjà présenté l&apos; une des affections suivantes : si vous ne l&apos; avez pas déjà fait , parlez à votre médecin de ces affections avant de prendre remeron .
ne prenez pas remeron en	association	avec : des inhibiteurs de la monoamine oxydase ( imao ) .
dans de très rares cas , remeron seul ou en	association	avec ces médicaments peut induire ce qu&apos; on appelle un syndrome sérotoninergique .
utilisé en	association	avec ces médicaments , remeron peut accentuer les étourdissements causés par ces derniers. des médicaments contre les infections : médicaments contre les infections bactériennes ( tels que l&apos; érythromycine ) , contre les infections fongiques ( tels que le kétoconazole ) et contre les infections par le vih / sida ( tels que les inhibiteurs de protéase du vih ) .
utilisés en	association	avec remeron , ces médicaments peuvent augmenter la quantité de remeron dans votre sang .
utilisé en	association	avec remeron , ces médicaments peuvent diminuer la quantité de remeron dans votre sang .
comment	conserver	remeron
faites	attention	si vous prenez remeron en association avec : des antidépresseurs tels que isrs , venlafaxine et l-tryptophane ou des triptans ( utilisés pour traiter la migraine ) , du tramadol ( un antalgique ) , du linézolide ( un antibiotique ) , du lithium ( utilisé pour traiter certaines affections psychiatriques ) et des préparations à base de millepertuis - hypericum perforatum ( remède à base de plante utilisé dans la dépression ) .
faites attention si vous prenez remeron en	association	avec : des antidépresseurs tels que isrs , venlafaxine et l-tryptophane ou des triptans ( utilisés pour traiter la migraine ) , du tramadol ( un antalgique ) , du linézolide ( un antibiotique ) , du lithium ( utilisé pour traiter certaines affections psychiatriques ) et des préparations à base de millepertuis - hypericum perforatum ( remède à base de plante utilisé dans la dépression ) .
les patients ayant un système rénine angiotensine - aldostérone fortement stimulé ( par exemple , hypertension rénovasculaire , déplétion hydrique et/ ou sodée , décompensation cardiaque , ou hypertension sévère ) peuvent présenter une chute excessive de la	pression	artérielle suite à la dose initiale .
des mesures similaires peuvent être prises chez des patients ayant une cardiopathie ischémique ou ayant eu des accidents vasculaires cérébraux , patients chez lesquels une baisse excessive de la	pression	artérielle pourrait entraîner un infarctus du myocarde ou un accident vasculaire cérébral .
une réponse hypotensive transitoire n&apos; est pas une contre-indication aux doses ultérieures , lesquelles peuvent être données habituellement sans difficulté une fois la	pression	artérielle remontée après l&apos; expansion volumique .
l&apos; énalapril sera utilisé avec une extrême prudence chez les patients ayant une collagénose vasculaire , un traitement immunosuppresseur , un traitement avec l&apos; allopurinol ou la procaïnamide , ou une	association	de ces facteurs de complication , particulièrement s&apos; il y a une fonction rénale pré-existante altérée .
différences ethniques comme avec les autres iec , l&apos; énalapril est apparemment moins efficace pour diminuer la	pression	artérielle chez les patients de race noire que chez les autres , en raison d&apos; une prévalence plus élevée des concentrations en rénine basse dans la population hypertendue de race noire .
l&apos; utilisation concomitante de nitroglycérine et d&apos; autres nitrates , ou d&apos; autres vasodilatateurs , peut réduire davantage la	pression	artérielle .
des études contrôlées avec les iec n&apos; ont pas été effectuées dans l&apos; espèce humaine , mais un nombre limité de grossesses exposées au premier trimestre n&apos; a pas semblé mettre en évidence des malformations en	rapport	avec la fœ totoxicité décrite ci-dessous dans l&apos; espèce humaine .
l&apos; administration d&apos; énalapril une fois par jour a diminué la valeur de la	pression	artérielle à la vallée de manière dose-dépendante .
les inhibiteurs de l&apos; enzyme de conversion de l&apos; angiotensine , en tant que	classe	, se sont révélés fœ totoxiques ( provoquant des lésions et/ ou des décès chez le fœ tus ) lorsqu&apos; ils sont administrés pendant le deuxième ou le troisième trimestre de la grossesse .
toutefois , la prudence est nécessaire et le rapport risque/ bénéfice de cette	association	ou d&apos; un traitement concomitant par d&apos; autres diurétiques puissants doit être pris en compte préalablement à toute décision d&apos; utilisation .
comme pour d&apos; autres antipsychotiques , la prudence est recommandée lorsque la rispéridone est prescrite avec des médicaments connus pour allonger l&apos; intervalle qt , par exemple les antiarythmiques de	classe	ia ( par exemple , quinidine , disopyramide , procaïnamide ) , les antiarythmiques de classe iii ( par exemple , amiodarone , sotalol ) , les antidépresseurs tricycliques ( amitriptyline ) , les antidépresseurs tétracycliques ( maprotiline ) , certains antihistaminiques , d&apos; autres antipsychotiques , certains antipaludéens ( chinice et méfloquine ) , et certains médicaments entraînant des troubles électrolytiques ( hypokaliémie , hypomagnésémie ) , une bradycardie , ou ceux qui inhibent le métabolisme de la rispéridone .
la rispéridone doit être administrée avec prudence en	association	avec d&apos; autres médicaments agissant au niveau central en particulier l&apos; alcool , les opiacés , les antihistaminiques et les benzodiazépines du fait d&apos; une augmentation du risque d&apos; effet sédatif .
lorsque l&apos;	association	s&apos; avère nécessaire , en particulier aux stades terminaux de la maladie de parkinson , la dose minimale efficace de chaque traitement doit être prescrite .
autres évènements indésirables rapportés avec risperdal oral mais non rapportés avec risperdalconsta par système	organe	investigations augmentation de la température corporelle , augmentation du nombre des éosinophiles , diminution du nombre des globules blancs , diminution de l&apos; hémoglobine , augmentation de la créatine phosphokinase sérique , diminution de la température corporelle infections et infestations angine , cellulite , otite moyenne , infection oculaire , acarodermatite , infection des voies respiratoires , onychomycose , otite moyenne chronique affections hématologiques et du système lymphatique granulocytopénie
ne pas	conserver	le flacon apres reconstitution car la suspension pourrait sedimenter .
faites	attention	avec risperdal consta si vous n&apos; avez jamais pris de risperdal quelque soit la forme d&apos; administration , vous devrez commencer par du risperdal oral avant de commencer le traitement par risperdal consta .
	solution	
de même , lorsque la substitution d&apos; un traitement antipsychotique par voie parentérale à action prolongée s&apos; avère nécessaire , le traitement par risperdal sera mis en	place	le jour prévu pour la prochaine injection .
comme pour tous d&apos; autres antipsychotiques , la prudence est recommandée lorsque la rispéridone est prescrite de façon concomitante avec des médicaments connus pour allonger l&apos; intervalle qt , par exemple les antiarythmiques de	classe	ia ( par exemple , quinidine , disopyramide , procaïnamide ) , les antiarythmiques de classe iii ( par exemple , amiodarone , sotalol ) , les antidépresseurs tricycliques ( amitriptiline ) , les antidépresseurs tétracycliques ( maprotiline ) , certains antihistaminiques , d&apos; autres antipsychotiques , certains antipaludéens ( chinice et méfloquine ) , et certains médicaments entraînant des troubles électrolytiques .
l&apos; utilisation concomitante de risperdal oral avec la palipéridone n&apos; est pas recommandée car la palipéridone est le métabolite actif de la rispéridone et l&apos;	association	des deux peut entraîner une augmentation de la fraction antipsychotique active .
autres effets indésirables rapportés avec risperdal consta mais non rapportés avec risperdal oral , par système	organe	investigations perte de poids , augmentation de la gamma-glutamyltransférase , augmentation des enzymes hépatiques affections cardiaques bradycardie affections hématologiques et du système lymphatique neutropénie affections du système nerveux paresthésie , convulsions affections oculaires blépharospasme affections de l&apos; oreille et du labyrinthe vertige affections gastro-intestinales douleur dentaire , spasme de la langue affections de la peau et du tissu sous-cutané eczéma affections musculo-squelettiques et systémiques douleur glutéale infections et infestations infection des voies respiratoires basses , infection , gastro-entérite , abcès sous - cutané lésions , intoxications et complications liées aux procédures chute affections vasculaires hypertension troubles généraux et anomalies au site d&apos; administration douleur affections psychiatriques dépression
faites	attention	avec risperdal demander conseil à votre médecin ou pharmacien avant de prendre risperdal si :
les principales rubriques qui devaient être harmonisées étaient les rubriques « indications thérapeutiques » , « posologie et mode d&apos; administration » , « contre-indications » , « mises en	garde	spéciales et précautions particulières d&apos; emploi » , « effets indésirables » .
une	attention	particulière doit être portée aux patients présentant des antécédents de dépression et une surveillance des éventuels signes de dépression doit être effectuée chez tous les patients avec recours à un traitement approprié si nécessaire .
sur la base de ces données , les deux formulations sont considérées comme présentant un	rapport	thérapeutique équivalent et comme étant cliniquement interchangeables » .
pendant le développement du produit , le demandeur a optimisé l&apos; applicateur , en modifiant la forme du dispositif pour permettre de	conserver	l&apos; applicateur dans les deux positions requises identifiées .
si les dosages disponibles de cette association fixe ne répondent pas aux nécessités pour ajuster les posologies en fonction de l&apos; état du	patient	, bêta-2 agonistes et/ ou corticoïdes devront être prescrits individuellement .
les patients atteints d&apos; asthme persistant bénin ne sont pas considérés comme susceptibles de recevoir un traitement en	association	comme traitement d&apos; entretien initial .
quand elle est utilisée régulièrement , l&apos;	association	du salmétérol et du propionate de fluticasone protège contre la survenue des crises d&apos; asthme .
ces effets incluent des douleurs gastriques , une fatigue , une perte d&apos; appétit , des nausées , une diarrhée , une perte de poids , des maux de tête ou une somnolence , des taux bas de potassium dans votre sang , une	pression	artérielle basse ou des convulsions .
conduite de véhicules et utilisation de machines il est peu probable que les effets indésirables associés à seretide affectent la capacité à conduire un véhicule ou à utiliser une	machine	.
l&apos; emr et les emc ont estimé que le	rapport	bénéfice-risque était défavorable pour l&apos; indication dans un traitement d&apos; entretien initial et ont , dès lors , rejeté la demande de modification de type ii.
le patient doit tenir l&apos; aérosol bien	droit	entre les doigts et le pouce avec son pouce à la base , sous l&apos; embout buccal .
l&apos; emr et les emc ont estimé que le	rapport	bénéfice-risque était défavorable pour l&apos; indication dans le traitement d&apos; entretien initial et ont , dès lors , rejeté la demande de modification de type ii.
des cas isolés d&apos; augmentation plus importante de la	pression	artérielle et de la fréquence cardiaque ne peuvent pas être exclus .
l&apos; utilisation prudente de bêta-bloquants peut être indiquée en cas d&apos; augmentation de la	pression	artérielle ou de tachycardie .
a	conserver	dans l&apos; emballage d&apos; origine , à l&apos; abri de la lumière et de l&apos; humidité .
a	conserver	dans l&apos; emballage d&apos; origine , à l&apos; abri de l&apos; humidité et de la lumière .
faites	attention	avec singulair :
important : ne jamais	conserver	un mélange granules/ nourriture pour une administration ultérieure .
chez les patients asthmatiques traités par montelukast , l&apos;	association	de symptômes comprenant syndrome pseudo-grippal , fourmillements/ engourdissements des bras et des jambes , aggravation des symptômes pulmonaires et/ ou éruption cutanée ( syndrome de churg strauss ) a été rapportée dans de très rares cas .
comment	conserver	singulair
le présent avis est transmis à la commission , aux états membres et aux titulaires de l&apos; autorisation de mise sur le marché , accompagné d&apos; un	rapport	d&apos; évaluation sur le médicament en question exposant les raisons qui motivent ses conclusions et accompagné de ses annexes et pièces jointes .
( cf. « contre-indications » et « mises en	garde	et précautions particulières d&apos; emploi » ) .
dans un tel cas , aucune	association	antibiotique n&apos; est nécessaire du fait d&apos; un spectre d&apos; activité qui inclut tous les agents pathogènes respiratoires .
l&apos; état d&apos; équilibre est atteint dès le 1er jour grâce à une dose de	charge	initiale qui est le double de la dose quotidienne .
	voie	intraveineuse
titulaire de l&apos; autorisation de mise sur le	marche	voir annexe a
	état	
tritace et dénominations associées peuvent être utilisés en monothérapie ou en	association	avec d&apos; autres classes de médicaments antihypertenseurs .
tritace et dénominations associées peuvent être utilisés en monothérapie ou en	association	avec d&apos; autres classes de médicaments antihypertenseurs &quot; .
la posologie de tritace sera ajustée par la suite en fonction de la	pression	artérielle cible .
tritace peut être utilisé en monothérapie ou en	association	à d&apos; autres classes de médicaments antihypertenseurs .
les patients ayant un système rénine-angiotensine-aldostérone fortement activé pourraient présenter une chute excessive de la	pression	artérielle après la première dose .
les patients ayant un système rénine-angiotensine-aldostérone fortement activé sont à risque d&apos; une chute brutale de la	pression	artérielle et d&apos; une altération de la fonction rénale en raison de l&apos; inhibition de l&apos; enzyme de conversion , en particulier lorsque un iec ou un diurétique concomitant est administré pour la première fois ou lors de la première augmentation de dose .
comme pour les autres iec , le ramipril pourrait être moins efficace en termes de diminution de la	pression	artérielle chez les sujets de race noire que chez les sujets des autres races , peut-être en raison d&apos; une prévalence plus élevée de l&apos; hypertension à faible taux de rénine chez la population hypertensive noire .
agents antihypertenseurs ( par ex. les diurétiques ) et autres substances pouvant abaisser la	pression	artérielle ( par ex. les nitrates , les antidépresseurs tricycliques , les anesthésiques , la prise aiguë
une surveillance de la	pression	artérielle est recommandée .
certains effets indésirables ( par ex. les symptômes d&apos; une réduction de la	pression	artérielle tels des étourdissements ) peuvent perturber la capacité de concentration et de réaction du patient , et par conséquent constituer un risque dans les situations où ces capacités revêtent une importance particulière ( telles la conduite d&apos; un véhicule ou l&apos; utilisation d&apos; une machine ) .
l&apos; administration de ramipril à des patients hypertendus entraîne une réduction de la	pression	artérielle couché et debout sans élévation compensatrice de la fréquence cardiaque .
l&apos; interruption brutale du ramipril n&apos; entraîne pas d&apos; augmentation rapide et excessive avec effet rebond de la	pression	artérielle .
tritace agit en : diminuant la production par votre organisme de substances susceptibles d&apos; élever votre	pression	artérielle faisant se relâcher et se dilater vos vaisseaux sanguins facilitant à votre cœ ur le pompage du sang à travers l&apos; organisme .
faites	attention	avec tritace vérifiez auprès de votre médecin ou votre pharmacien avant de prendre votre médicament : si vous souffrez de problèmes cardiaques , hépatiques ou rénaux si vous avez perdu une grande quantité de sels ou de fluides corporels ( si vous vomissez , avez la diarrhée , suez de manière inhabituelle , suivez un régime pauvre en sel , prenez des diurétiques depuis longtemps ou avez subi une dialyse ) si vous allez suivre un traitement pour réduire votre allergie aux piqûres d&apos; abeille ou de guêpe ( désensibilisation ) si vous allez recevoir un anesthésique .
il pourrait s&apos; avérer nécessaire d&apos; arrêter votre traitement par tritace un jour avant ; demandez conseil à votre médecin si votre	taux	sanguin de potassium est élevé ( d&apos; après les résultats de vos tests sanguins ) si vous souffrez d&apos; une maladie vasculaire du collagène telle qu&apos; une sclérodermie ou un lupus érythémateux systémique . vous devez informer votre médecin si vous pensez être enceinte ( ou susceptible de le devenir ) .
ils peuvent rendre tritace moins efficace : les médicaments utilisés pour soulager les douleurs et l&apos; inflammation ( par exemple les anti - inflammatoires non stéroïdiens ( ains ) , tels l&apos; ibuprofène ou l&apos; indométacine et l&apos; aspirine ) les médicaments utilisés pour le traitement d&apos; une	pression	artérielle basse , d&apos; un collapsus , d&apos; une insuffisance cardiaque , d&apos; un asthme ou d&apos; allergies , tels que l&apos; éphédrine , la noradrénaline ou l&apos; adrénaline .
votre médecin devra alors vérifier votre	pression	artérielle .
si vous vous préoccupez de savoir la quantité d&apos; alcool que vous pouvez boire alors que vous prenez tritace , parlez - en à votre médecin , les médicaments utilisés pour réduire la	pression	artérielle et l&apos; alcool pouvant avoir des effets additifs . tritace peut être pris pendant ou en dehors des repas .
ceci est plus susceptible de se produire au début de la prise de tritace ou au début de la prise d&apos; une dose plus forte evanouissement , hypotension (	pression	artérielle anormalement basse ) , en particulier lorsque vous vous levez ou vous asseyez dans le lit rapidement toux sèche irritative , inflammation des sinus ( sinusite ) ou bronchite , essoufflement douleurs gastriques ou intestinales , diarrhée , indigestion , nausées ou vomissements eruption cutanée avec zone surélevée ou non douleurs dans la poitrine crampes ou douleurs musculaires examens sanguins montrant une élévation inhabituelle de votre taux de potassium .
veuillez informer votre médecin si l&apos; un ou l&apos; autre des symptômes suivants s&apos; aggravait ou durait plus de quelques jours . difficulté de concentration gonflement de la bouche examens sanguins montrant un nombre trop faibles de cellules sanguines dans votre	sang	examens sanguins montrant un taux inhabituellement bas de sodium dans votre sang changement de couleur de doigts et des orteils lorsque vous avez froid , avec picotements ou sensations douloureuses lorsque vous vous réchauffez ( syndrome de raynaud ) augmentation de la taille des seins chez l&apos; homme réactions ralenties ou perturbées sensation de brûlure modification des odeurs chute de cheveux .
comment	conserver	tritace
l&apos;	association	est indiquée pour le traitement de l&apos; hypertension dans tous les états membres dans lesquels elle est autorisée , bien qu&apos; il ait été constaté que des termes incluant hypertension essentielle , hypertension artérielle et hypertension artérielle essentielle sont utilisés .
l&apos;	association	2,5mg / 12,5mg a conduit à une réduction plus importante de la pression sanguine que le traitement par les composants individuels et l&apos; association de 5mg/ 25mg a produit un meilleur effet thérapeutique que le doublement de la dose de ramipril à 10mg .
l&apos; association 2,5mg / 12,5mg a conduit à une réduction plus importante de la pression sanguine que le traitement par les composants individuels et l&apos;	association	de 5mg/ 25mg a produit un meilleur effet thérapeutique que le doublement de la dose de ramipril à 10mg .
l&apos; administration de l&apos;	association	fixe de ramipril et d&apos; hydrochlorothiazide est habituellement recommandée après titration de la dose avec l&apos; un des composants individuels .
le chmp a inclus dans ce paragraphe la mise en garde concernant l&apos; hyperaldostéronisme primaire et a par conséquent adopté la formulation harmonisée suivante : « l&apos;	association	ramipril + hydrochlorothiazide ne représente pas un traitement de choix pour l&apos; hyperaldostéronisme primaire .
cette association à dose fixe est indiquée chez les patients dont la	pression	artérielle n&apos; est pas adéquatement contrôlée par le ramipril seul ou l&apos; hydrochlorothiazide seul .
	voie	orale .
l&apos; administration de l&apos;	association	fixe de ramipril et d&apos; hydrochlorothiazide est généralement recommandée après ajustement posologique de l&apos; un des composants individuels .
une activation significative du système rénine-angiotensine-aldostérone est à prévoir , et une surveillance médicale , y compris le contrôle de la	pression	artérielle , est nécessaire par exemple en cas de :
hyperaldostéronisme primaire l&apos;	association	de ramipril + hydrochlorothiazide ne représente pas un traitement de choix pour l&apos; hyperaldostéronisme primaire .
l&apos;	association	de ramipril et d&apos; hydrochlorothiazide au lithium n&apos; est par conséquent par recommandée .
administration conjointe de ramipril-hydrochlorothiazide lors d&apos; essais cliniques , l&apos;	association	a entraîné des réductions plus importantes de la pression artérielle que l&apos; un ou l&apos; autre produit administré seul .
administration conjointe de ramipril-hydrochlorothiazide lors d&apos; essais cliniques , l&apos; association a entraîné des réductions plus importantes de la	pression	artérielle que l&apos; un ou l&apos; autre produit administré seul .
l&apos;	association	d&apos; un iec à un diurétique thiazidique produit un effet synergique et diminue également le risque d&apos; hypokaliémie provoqué par le diurétique seul .
aucune étude du potentiel mutagène et carcinogène n&apos; a été menée sur l&apos;	association	, les études des composants individuels ayant montré l&apos; absence de risque .
les études de la reproduction chez le rat et le lapin ont révélé que l&apos;	association	était quelque peu plus toxique que l&apos; un ou l&apos; autre des composants seul , mais aucune des études n&apos; a révélé un effet tératogène de l&apos; association .
les études de la reproduction chez le rat et le lapin ont révélé que l&apos; association était quelque peu plus toxique que l&apos; un ou l&apos; autre des composants seul , mais aucune des études n&apos; a révélé un effet tératogène de l&apos;	association	.
tritazide est une	association	de deux médicaments appelés ramipril et hydrochlorothiazide .
il agit en : diminuant la production par votre organisme de substances susceptibles d&apos; élever votre	pression	artérielle faisant se relâcher et se dilater vos vaisseaux sanguins facilitant le pompage par votre cœ ur du sang à travers l&apos; organisme .
ceci diminue votre	pression	artérielle .
les deux substances actives œ uvrent ensemble à réduire votre	pression	artérielle .
faites	attention	avec tritazide vérifiez auprès de votre médecin ou votre pharmacien avant de prendre votre médicament : si vous souffrez de problèmes cardiaques , hépatiques ou rénaux si vous avez perdu une grande quantité de sels ou de fluides corporels ( si vous vomissez , avez la diarrhée , suez de manière inhabituelle , suivez un régime pauvre en sel , prenez des diurétiques depuis longtemps ou avez subi une dialyse ) si vous allez suivre un traitement pour réduire votre allergie aux piqûres d&apos; abeille ou de guêpe ( désensibilisation ) si vous allez recevoir un anesthésique .
il pourrait s&apos; avérer nécessaire d&apos; arrêter votre traitement par tritazide un jour avant ; demandez conseil à votre médecin si votre	taux	sanguin de potassium est élevé ( d&apos; après les résultats de vos tests sanguins ) si vous souffrez d&apos; une maladie vasculaire du collagène telle qu&apos; une sclérodermie ou un lupus érythémateux systémique . vous devez informer votre médecin si vous pensez être enceinte ( ou susceptible de le devenir ) .
si vous vous préoccupez de savoir la quantité d&apos; alcool que vous pouvez boire alors que vous prenez tritazide , discutez - en avec votre médecin , les médicaments utilisés pour réduire la	pression	artérielle et l&apos; alcool pouvant avoir des effets additifs . tritazide peut être pris pendant ou en dehors des repas .
traitement d&apos; une pression artérielle élevée votre médecin ajustera la quantité à prendre jusqu&apos; à ce que votre	pression	artérielle soit contrôlée .
comment	conserver	tritazide
il agit en augmentant la production d&apos; urine , ce qui diminue la quantité de liquide dans le sang et abaisse la	pression	artérielle .
tritazide est utilisé pour le traitement de l&apos; hypertension et il est indiqué chez les patients dont la	pression	artérielle n&apos; est pas suffisamment contrôlée par le ramipril seul ou par l&apos; hydrochlorothiazide seul .
considérant qu&apos; il n&apos; y a aucune préoccupation majeure concernant la sécurité , l&apos; efficacité et les événements cliniques indésirables de l&apos; association ramipril/ hctz chez les patients non répondeurs à l&apos; hctz et au ramipril chacun administré seul , le chmp a adopté pour les indications les deux formulations harmonisées suivantes : traitement de l&apos; hypertension cette association à doses fixes est indiquée chez les patients dont la	pression	artérielle n&apos; est pas suffisamment contrôlée par le ramipril seul ou par l&apos; hydrochlorothiazide seul .
le chmp a également constaté que les données d&apos; essais sur les étapes de titration avec l&apos;	association	des deux composants étaient limitées .
l&apos;	association	ramipril + hydrochlorothiazide ne constitue pas un traitement de choix pour l&apos; hyperaldostéronisme primaire .
conduite de véhicules et utilisation de machines il est peu probable que les effets indésirables associés à viani affectent la capacité à conduire un véhicule ou à utiliser une	machine	.
comment	conserver	viani
